,resell_index,23928,36038
resell_index,1.0,0.32826475316609277,0.5876327033799166
23928,0.32826475316609277,1.0,0.140800770869359
36038,0.5876327033799166,0.140800770869359,1.0
